<core:FragmentDefinition xmlns:core="sap.ui.core" xmlns="sap.m">
  <ViewSettingsDialog
    id="employeeSettingsDialog"
    sortDescending="false"
    confirm="applySettings">

    <sortItems>
      <ViewSettingsItem text="First Name" key="firstName"/>
      <ViewSettingsItem text="Last Name" key="lastName"/>
      <ViewSettingsItem text="Age" key="age"/>
    </sortItems>

    <groupItems>
      <ViewSettingsItem text="Age" key="age"/>
    </groupItems>

  </ViewSettingsDialog>
</core:FragmentDefinition>
