{
  "data": [
    {
      "id": "61eebb875d873fea3b45f8ca",
      "firstName": "Hutchinson",
      "lastName": "Stanton",
      "age": 60,
      "score": 57,
      "type": "manager"
    },
    {
      "id": "61eebb87ff4c0e1315f39964",
      "firstName": "Sosa",
      "lastName": "Dawson",
      "age": 67,
      "score": 25,
      "type": "employee"
    },
    {
      "id": "61eebb87d7a10c6fc8ff87a6",
      "firstName": "Janice",
      "lastName": "Wolfe",
      "age": 40,
      "score": 40,
      "type": "manager"
    },
    {
      "id": "61eebb870eab006b5eaaba18",
      "firstName": "Hooper",
      "lastName": "Battle",
      "age": 36,
      "score": 18,
      "type": "manager"
    },
    {
      "id": "61eebb87eb439f0ee1f223f3",
      "firstName": "Ruby",
      "lastName": "Zamora",
      "age": 36,
      "score": 71,
      "type": "manager"
    },
    {
      "id": "61eebb87df8a26a7fa43f30c",
      "firstName": "Willa",
      "lastName": "Flowers",
      "age": 35,
      "score": 53,
      "type": "manager"
    },
    {
      "id": "61eebb879d17bfbd9ce59dbb",
      "firstName": "Sarah",
      "lastName": "Foley",
      "age": 39,
      "score": 71,
      "type": "employee"
    },
    {
      "id": "61eebb879aa579f41e21f4ef",
      "firstName": "Kris",
      "lastName": "Luna",
      "age": 21,
      "score": 26,
      "type": "manager"
    },
    {
      "id": "61eebb87afc49a9b61716db6",
      "firstName": "Winifred",
      "lastName": "Mays",
      "age": 20,
      "score": 3,
      "type": "employee"
    },
    {
      "id": "61eebb878cd6cfe03883e43c",
      "firstName": "Terrie",
      "lastName": "Booth",
      "age": 15,
      "score": 19,
      "type": "employee"
    },
    {
      "id": "61eebb87122f9012aafc518c",
      "firstName": "Summer",
      "lastName": "Fuentes",
      "age": 53,
      "score": 65,
      "type": "employee"
    },
    {
      "id": "61eebb878dc76c31de3e98b6",
      "firstName": "Adriana",
      "lastName": "Klein",
      "age": 20,
      "score": 33,
      "type": "manager"
    },
    {
      "id": "61eebb873add0be11d8cc378",
      "firstName": "Victoria",
      "lastName": "Clarke",
      "age": 48,
      "score": 14,
      "type": "manager"
    },
    {
      "id": "61eebb8778be18b8d62b4a53",
      "firstName": "Hendrix",
      "lastName": "Short",
      "age": 35,
      "score": 32,
      "type": "manager"
    },
    {
      "id": "61eebb871519e2313d84649c",
      "firstName": "Callahan",
      "lastName": "Rice",
      "age": 27,
      "score": 86,
      "type": "manager"
    },
    {
      "id": "61eebb875a1b2bfb46726453",
      "firstName": "Britt",
      "lastName": "Romero",
      "age": 28,
      "score": 13,
      "type": "manager"
    },
    {
      "id": "61eebb877c9a9610246bacab",
      "firstName": "Mccullough",
      "lastName": "Giles",
      "age": 16,
      "score": 61,
      "type": "employee"
    },
    {
      "id": "61eebb873c276e2569ebe621",
      "firstName": "Latisha",
      "lastName": "Maynard",
      "age": 64,
      "score": 41,
      "type": "manager"
    },
    {
      "id": "61eebb87c273f6d817fc139c",
      "firstName": "Curtis",
      "lastName": "Dillon",
      "age": 57,
      "score": 77,
      "type": "employee"
    },
    {
      "id": "61eebb8740e5ab2b302eb4c1",
      "firstName": "Dianna",
      "lastName": "Monroe",
      "age": 38,
      "score": 31,
      "type": "manager"
    },
    {
      "id": "61eebb87da849d074eed0b6c",
      "firstName": "Nikki",
      "lastName": "Beach",
      "age": 65,
      "score": 44,
      "type": "employee"
    },
    {
      "id": "61eebb874574ed7cb887e27d",
      "firstName": "Beard",
      "lastName": "Welch",
      "age": 24,
      "score": 22,
      "type": "employee"
    },
    {
      "id": "61eebb87a5d7d8c390d1dd7e",
      "firstName": "Browning",
      "lastName": "Ayala",
      "age": 12,
      "score": 57,
      "type": "manager"
    },
    {
      "id": "61eebb871f402e99f6bb92fb",
      "firstName": "Nichole",
      "lastName": "Parks",
      "age": 17,
      "score": 71,
      "type": "employee"
    },
    {
      "id": "61eebb874515b4702856fdcb",
      "firstName": "Santiago",
      "lastName": "Atkinson",
      "age": 21,
      "score": 29,
      "type": "manager"
    },
    {
      "id": "61eebb873760fed5fe6b3f24",
      "firstName": "Eugenia",
      "lastName": "Rivera",
      "age": 67,
      "score": 78,
      "type": "manager"
    },
    {
      "id": "61eebb8702afcc34d3a9cfb3",
      "firstName": "Hillary",
      "lastName": "Kelly",
      "age": 57,
      "score": 93,
      "type": "employee"
    },
    {
      "id": "61eebb872b7e2b2b5267d4de",
      "firstName": "Cindy",
      "lastName": "Sampson",
      "age": 36,
      "score": 98,
      "type": "manager"
    },
    {
      "id": "61eebb8703631519f6c993f3",
      "firstName": "Alejandra",
      "lastName": "Wilkins",
      "age": 69,
      "score": 14,
      "type": "employee"
    },
    {
      "id": "61eebb872ebd1d97f03c97c6",
      "firstName": "Ayers",
      "lastName": "Rogers",
      "age": 24,
      "score": 25,
      "type": "manager"
    },
    {
      "id": "61eebb87edd8cb810b42d409",
      "firstName": "Lucy",
      "lastName": "Morse",
      "age": 47,
      "score": 26,
      "type": "employee"
    },
    {
      "id": "61eebb87cc2d4a27c7890933",
      "firstName": "Pennington",
      "lastName": "Saunders",
      "age": 50,
      "score": 73,
      "type": "employee"
    },
    {
      "id": "61eebb87d9d25a2cacaea00b",
      "firstName": "Cash",
      "lastName": "Morrison",
      "age": 69,
      "score": 58,
      "type": "employee"
    },
    {
      "id": "61eebb8792db32432c7acdb6",
      "firstName": "Lane",
      "lastName": "Berry",
      "age": 16,
      "score": 22,
      "type": "employee"
    },
    {
      "id": "61eebb87226ebf8617a8355c",
      "firstName": "Mack",
      "lastName": "Moore",
      "age": 49,
      "score": 99,
      "type": "employee"
    },
    {
      "id": "61eebb8713acb66f798f4e2f",
      "firstName": "Kelli",
      "lastName": "Meyers",
      "age": 11,
      "score": 41,
      "type": "employee"
    },
    {
      "id": "61eebb877cdb7d65ae9a4fd5",
      "firstName": "Pate",
      "lastName": "Gilliam",
      "age": 62,
      "score": 80,
      "type": "manager"
    },
    {
      "id": "61eebb875e2a89464d147e6c",
      "firstName": "Theresa",
      "lastName": "Knowles",
      "age": 68,
      "score": 94,
      "type": "employee"
    },
    {
      "id": "61eebb87ac8a453559d50a47",
      "firstName": "Reed",
      "lastName": "Juarez",
      "age": 32,
      "score": 96,
      "type": "employee"
    },
    {
      "id": "61eebb87ff4d8a4017946bb0",
      "firstName": "Ingrid",
      "lastName": "Heath",
      "age": 19,
      "score": 31,
      "type": "employee"
    },
    {
      "id": "61eebb87276d017db27e8d21",
      "firstName": "Tiffany",
      "lastName": "Norris",
      "age": 65,
      "score": 67,
      "type": "manager"
    },
    {
      "id": "61eebb87fb33f49f98497e35",
      "firstName": "Verna",
      "lastName": "Cantrell",
      "age": 64,
      "score": 6,
      "type": "employee"
    },
    {
      "id": "61eebb876962e93bf00f4880",
      "firstName": "Jeri",
      "lastName": "Richmond",
      "age": 10,
      "score": 77,
      "type": "manager"
    },
    {
      "id": "61eebb87bae7c8e7a0f4419d",
      "firstName": "Berger",
      "lastName": "Ewing",
      "age": 37,
      "score": 31,
      "type": "manager"
    },
    {
      "id": "61eebb879dc36e3d1b665107",
      "firstName": "Lancaster",
      "lastName": "Tran",
      "age": 69,
      "score": 35,
      "type": "manager"
    },
    {
      "id": "61eebb87189afe29b40cb2d1",
      "firstName": "Consuelo",
      "lastName": "Ward",
      "age": 67,
      "score": 15,
      "type": "manager"
    },
    {
      "id": "61eebb87b1c4f21e7a0aeda9",
      "firstName": "Andrews",
      "lastName": "Robinson",
      "age": 43,
      "score": 99,
      "type": "manager"
    },
    {
      "id": "61eebb87102610bc9a54c276",
      "firstName": "Mckenzie",
      "lastName": "Ford",
      "age": 66,
      "score": 57,
      "type": "manager"
    },
    {
      "id": "61eebb87cc53a7de77667897",
      "firstName": "Howell",
      "lastName": "Hobbs",
      "age": 38,
      "score": 24,
      "type": "manager"
    },
    {
      "id": "61eebb8738eecb08fa6db599",
      "firstName": "Knight",
      "lastName": "Jacobson",
      "age": 14,
      "score": 18,
      "type": "manager"
    },
    {
      "id": "61eebb87b59d0b2099d77a4b",
      "firstName": "Perkins",
      "lastName": "Green",
      "age": 45,
      "score": 37,
      "type": "employee"
    },
    {
      "id": "61eebb8727c8edcd5b815d4e",
      "firstName": "Wiggins",
      "lastName": "Stafford",
      "age": 60,
      "score": 97,
      "type": "manager"
    },
    {
      "id": "61eebb87db645f82f6793654",
      "firstName": "Copeland",
      "lastName": "Guerra",
      "age": 43,
      "score": 89,
      "type": "employee"
    },
    {
      "id": "61eebb870ee8075d06145467",
      "firstName": "Haney",
      "lastName": "Sherman",
      "age": 34,
      "score": 29,
      "type": "manager"
    },
    {
      "id": "61eebb876846067ba64f8efa",
      "firstName": "Lessie",
      "lastName": "Stephens",
      "age": 35,
      "score": 65,
      "type": "employee"
    },
    {
      "id": "61eebb872ec8140c09b8a78b",
      "firstName": "Henry",
      "lastName": "Rosales",
      "age": 40,
      "score": 8,
      "type": "employee"
    },
    {
      "id": "61eebb872d92a807419132a9",
      "firstName": "Wyatt",
      "lastName": "Ferguson",
      "age": 56,
      "score": 4,
      "type": "manager"
    },
    {
      "id": "61eebb87efedb68e030c4ff4",
      "firstName": "Hensley",
      "lastName": "Weaver",
      "age": 14,
      "score": 91,
      "type": "manager"
    },
    {
      "id": "61eebb875b984af58e0b693d",
      "firstName": "Sadie",
      "lastName": "Marks",
      "age": 13,
      "score": 81,
      "type": "manager"
    },
    {
      "id": "61eebb87d2d689d538c9f77e",
      "firstName": "Lilly",
      "lastName": "Leon",
      "age": 25,
      "score": 9,
      "type": "employee"
    },
    {
      "id": "61eebb8725d4e031a12a1749",
      "firstName": "Valentine",
      "lastName": "Strong",
      "age": 49,
      "score": 56,
      "type": "manager"
    },
    {
      "id": "61eebb874f3b1cd86dab7362",
      "firstName": "Michael",
      "lastName": "Navarro",
      "age": 29,
      "score": 25,
      "type": "employee"
    },
    {
      "id": "61eebb87c5e8c6a4a0782e1e",
      "firstName": "Pena",
      "lastName": "Cain",
      "age": 27,
      "score": 88,
      "type": "employee"
    },
    {
      "id": "61eebb876e6c039c0aedb89a",
      "firstName": "Benton",
      "lastName": "Alston",
      "age": 31,
      "score": 31,
      "type": "manager"
    },
    {
      "id": "61eebb87e3d60795a5cc5ad9",
      "firstName": "Faye",
      "lastName": "Burch",
      "age": 47,
      "score": 65,
      "type": "employee"
    },
    {
      "id": "61eebb87dc8006c9879ffdb4",
      "firstName": "Webb",
      "lastName": "Cardenas",
      "age": 12,
      "score": 77,
      "type": "employee"
    },
    {
      "id": "61eebb87daaec2d43beb8811",
      "firstName": "Buckner",
      "lastName": "Jarvis",
      "age": 64,
      "score": 99,
      "type": "employee"
    },
    {
      "id": "61eebb87fad5c3a2662efd7a",
      "firstName": "Margery",
      "lastName": "Allison",
      "age": 13,
      "score": 72,
      "type": "manager"
    },
    {
      "id": "61eebb87f556ff4850e77ce9",
      "firstName": "Kemp",
      "lastName": "Nixon",
      "age": 41,
      "score": 78,
      "type": "manager"
    },
    {
      "id": "61eebb87fc35750ad3b177f9",
      "firstName": "Allison",
      "lastName": "Mccarty",
      "age": 24,
      "score": 30,
      "type": "manager"
    },
    {
      "id": "61eebb870e81b23ee66e0f15",
      "firstName": "Wolfe",
      "lastName": "Finley",
      "age": 53,
      "score": 13,
      "type": "manager"
    },
    {
      "id": "61eebb870266df38b7cf316f",
      "firstName": "Aguilar",
      "lastName": "Wade",
      "age": 18,
      "score": 79,
      "type": "manager"
    },
    {
      "id": "61eebb8708006463a13b1061",
      "firstName": "Hallie",
      "lastName": "Middleton",
      "age": 31,
      "score": 33,
      "type": "employee"
    },
    {
      "id": "61eebb87c49821ed3389c6b7",
      "firstName": "Rosalie",
      "lastName": "Hamilton",
      "age": 59,
      "score": 65,
      "type": "manager"
    },
    {
      "id": "61eebb87e64f4a311a4a38db",
      "firstName": "Park",
      "lastName": "Chambers",
      "age": 36,
      "score": 94,
      "type": "employee"
    },
    {
      "id": "61eebb872b3f31329b4a6d5f",
      "firstName": "Tracey",
      "lastName": "Grimes",
      "age": 37,
      "score": 20,
      "type": "employee"
    },
    {
      "id": "61eebb876df07a3734e3bfed",
      "firstName": "Whitney",
      "lastName": "Pacheco",
      "age": 69,
      "score": 79,
      "type": "manager"
    },
    {
      "id": "61eebb875e78cc32b587a21f",
      "firstName": "Navarro",
      "lastName": "Holt",
      "age": 68,
      "score": 33,
      "type": "manager"
    },
    {
      "id": "61eebb87398d1b74678c370d",
      "firstName": "Schultz",
      "lastName": "Ellison",
      "age": 42,
      "score": 20,
      "type": "employee"
    },
    {
      "id": "61eebb8702c026e3716ea96a",
      "firstName": "Camille",
      "lastName": "Powers",
      "age": 41,
      "score": 22,
      "type": "manager"
    },
    {
      "id": "61eebb87b037fd04eb183889",
      "firstName": "Meyer",
      "lastName": "Logan",
      "age": 23,
      "score": 96,
      "type": "manager"
    },
    {
      "id": "61eebb872f302da217eb9c3d",
      "firstName": "Faith",
      "lastName": "Hardin",
      "age": 29,
      "score": 42,
      "type": "employee"
    },
    {
      "id": "61eebb87a86f467aeb2ce48d",
      "firstName": "Waters",
      "lastName": "Booker",
      "age": 32,
      "score": 93,
      "type": "manager"
    },
    {
      "id": "61eebb87f7e506cedae05098",
      "firstName": "Campos",
      "lastName": "Stephenson",
      "age": 43,
      "score": 50,
      "type": "employee"
    },
    {
      "id": "61eebb8737d18d48d1d22a7a",
      "firstName": "Margo",
      "lastName": "Rich",
      "age": 31,
      "score": 5,
      "type": "manager"
    },
    {
      "id": "61eebb8722857fe2bd073c8d",
      "firstName": "Gilmore",
      "lastName": "Harding",
      "age": 47,
      "score": 49,
      "type": "employee"
    },
    {
      "id": "61eebb870f1e45d2c85bfd54",
      "firstName": "Hardy",
      "lastName": "Hopper",
      "age": 19,
      "score": 60,
      "type": "manager"
    },
    {
      "id": "61eebb874d02d001a02ba8b2",
      "firstName": "Cathy",
      "lastName": "Benson",
      "age": 17,
      "score": 25,
      "type": "manager"
    },
    {
      "id": "61eebb870b3c027c5c795fdd",
      "firstName": "Imogene",
      "lastName": "Noble",
      "age": 68,
      "score": 62,
      "type": "manager"
    },
    {
      "id": "61eebb87607affdf183f2362",
      "firstName": "Fran",
      "lastName": "Petty",
      "age": 26,
      "score": 28,
      "type": "employee"
    },
    {
      "id": "61eebb87c39e007da5c12f4f",
      "firstName": "Laurel",
      "lastName": "Dunlap",
      "age": 57,
      "score": 66,
      "type": "manager"
    },
    {
      "id": "61eebb8781ea49d3dff1814c",
      "firstName": "Stone",
      "lastName": "Johns",
      "age": 23,
      "score": 5,
      "type": "employee"
    },
    {
      "id": "61eebb87fd01870c2ead7a18",
      "firstName": "Flores",
      "lastName": "Nash",
      "age": 57,
      "score": 1,
      "type": "employee"
    },
    {
      "id": "61eebb8718703cdf543e6d9e",
      "firstName": "Tyler",
      "lastName": "Sears",
      "age": 65,
      "score": 24,
      "type": "manager"
    },
    {
      "id": "61eebb8756a88b501ea1dd1a",
      "firstName": "Beth",
      "lastName": "Newman",
      "age": 37,
      "score": 40,
      "type": "employee"
    },
    {
      "id": "61eebb87ddffd319ed4cc3fa",
      "firstName": "Valencia",
      "lastName": "Matthews",
      "age": 44,
      "score": 68,
      "type": "manager"
    },
    {
      "id": "61eebb879951c838329aaf3b",
      "firstName": "Clarice",
      "lastName": "Landry",
      "age": 23,
      "score": 63,
      "type": "manager"
    },
    {
      "id": "61eebb876d7f0eb750340c50",
      "firstName": "Hood",
      "lastName": "Hurley",
      "age": 42,
      "score": 65,
      "type": "manager"
    },
    {
      "id": "61eebb8735796cbfe6441d16",
      "firstName": "Ball",
      "lastName": "Downs",
      "age": 29,
      "score": 60,
      "type": "employee"
    },
    {
      "id": "61eebb876ab9566331f6cf0e",
      "firstName": "Tucker",
      "lastName": "Moon",
      "age": 14,
      "score": 47,
      "type": "manager"
    }
  ]
}